SalesRep,Region
Baron Pirie,East
Marielle Swiffen,East
Zabrina Colbran,East
Bamby Olivella,East
Morley Amor,East
Merl Littleton,East
Willey Whitlow,East
Selinda Smullen,East
Reuben Maxsted,East
Aldridge Eagles,East
Guthrey Kervin,East
Lenna Tebboth,East
Rebbecca Mullin,MidWest
Ernst Ox,MidWest
Nick Spenley,MidWest
Izak Fairbourn,MidWest
Jerrine Lebang,MidWest
Dale Mapother,MidWest
Torey Woollends,MidWest
Antoinette Simester,MidWest
Baldwin Muris,MidWest
Tina Faldo,MidWest
Allayne Dulling,MidWest
Mable Rafferty,MidWest
Sim Ardling,MidWest
Sukey Garron,MidWest
Swen Lehrmann,MidWest
Trixi Tofanelli,MidWest
Emyle Ollivier,MidWest
Phil Tift,MidWest
Rhodie Twohig,MidWest
Kristi Sandry,MidWest
Bert Battisson,MidWest
Janel Snelle,MidWest
Felicia Birkmyre,MidWest
Morgan McNeilley,MidWest
Allina Bonas,MidWest
Dorella Drysdall,South
Wallie Penwright,South
Park Enrigo,South
Krista Canero,South
Janetta Noel,South
Jolyn Linke,South
Malachi Farnon,South
Noellyn Pendreigh,South
Adaline Westberg,South
Kamillah Reimers,South
Karina Idwal Evans,South
Shaun Lawley,South
Cale Cocke,West
Fergus Mattinson,West
Missy Cleyne,West
Hyacinthia Drake,West
Cal Neate,West
Carrissa Maasze,West
Lonee Marin,West
Agustin McIan,West
Cam Dooney,West
Booth Laverenz,West
Garv Rodgman,West
Vidovic Kettlewell,West
Whitaker Burchill,West
Lyssa Rosenthaler,West
Nat Middlemist,West
Gwenora Sukbhans,West
Ware Bottleson,West
Celestia Roach,West
Daren Borrott,West
Loree Vasilov,West
Bobina Portis,West
Farlay Leverton,West
Eddie Rignoldes,West
