Name,Date,Sales
Gary O. Hester,02/25/2022,215
Libby J. Fleming,02/15/2022,503
Keane O. Fernandez,02/14/2022,230
Aurora P. Parrish,02/15/2022,911
Jasmine Z. Lopez,02/18/2022,526
Willow B. Estes,02/23/2022,881
Autumn H. Quinn,02/14/2022,595
Herrod G. Mooney,02/23/2022,355
Autumn M. Reese,02/20/2022,455
Harlan B. Santos,02/17/2022,817
Freya W. Donovan,02/20/2022,720
Hayley M. Barlow,02/04/2022,979
Brenden Z. Talley,02/21/2022,638
Anthony H. Burnett,02/06/2022,475
Tucker F. Santos,02/08/2022,762
May U. Chapman,02/22/2022,825
Miriam S. Chapman,02/08/2022,840
Aubrey J. Roberts,02/05/2022,401
Damon R. Velez,02/14/2022,930
Ulla P. Blair,02/11/2022,977
Adrian G. Cox,02/24/2022,269
Samuel M. Wilcox,02/12/2022,797
Sydnee B. Hess,02/09/2022,536
Hanae T. Le,02/12/2022,382
Lucian C. Foley,02/09/2022,475
Melissa E. Albert,02/19/2022,775
Caesar B. Hodges,02/10/2022,898
Dara O. Mcbride,02/15/2022,561
Rudyard H. Mays,02/23/2022,148
Melanie D. Mason,02/17/2022,951
Ferdinand H. Cabrera,02/18/2022,909
Uriah O. Kelly,02/01/2022,871
Delilah Q. Bentley,02/06/2022,926
Bree K. Brennan,02/11/2022,578
Rowan V. Kaufman,02/26/2022,322
Mason V. Hodges,02/11/2022,993
Brianna P. Morales,02/02/2022,921
Eugenia I. Gallegos,02/08/2022,341
Hilel V. Aguilar,02/12/2022,468
Justine L. Melendez,02/24/2022,953
Jada G. Alvarado,02/03/2022,702
Leo Q. Nixon,02/15/2022,645
Ralph W. Hodges,02/19/2022,868
Bevis X. Thompson,02/07/2022,277
Jasper U. Wynn,02/12/2022,723
Cameron A. Mullen,02/26/2022,726
Lana H. Finley,02/02/2022,895
Chloe V. Merrill,02/08/2022,632
Zephania I. Cervantes,02/20/2022,577
Gwendolyn S. Mullins,02/17/2022,638
Tiger E. Mann,02/05/2022,756
Randall G. Hodge,02/20/2022,717
Jameson M. Stark,02/03/2022,950
Dean C. Eaton,02/14/2022,465
Clare Y. Strong,02/26/2022,169
Baker G. Sawyer,02/02/2022,128
Lavinia J. Monroe,02/20/2022,696
Oscar W. Noble,02/15/2022,729
Rhonda W. Santos,02/27/2022,724
Daria W. Heath,02/13/2022,343
Naida Y. Kent,02/06/2022,285
Oprah Z. Farrell,02/06/2022,515
Ivor H. Mcmillan,02/06/2022,950
Jackson P. Burns,02/17/2022,850
Geoffrey M. Davidson,02/25/2022,893
Kyle A. Glover,02/26/2022,234
Malik Y. Reeves,02/05/2022,755
Quemby U. Morton,02/20/2022,879
Gloria H. Workman,02/28/2022,332
Matthew T. Chan,02/14/2022,869
Nelle U. Carney,02/09/2022,444
Kane V. Humphrey,02/10/2022,620
Freya S. Brewer,02/21/2022,606
Colt N. Coffey,02/22/2022,157
Noel C. Fowler,02/04/2022,850
Shafira Z. Salazar,02/19/2022,424
Pascale B. Humphrey,02/18/2022,596
Harlan M. Roach,02/19/2022,701
Diana I. Cannon,02/23/2022,794
Skyler G. Peterson,02/06/2022,494
Upton I. Maxwell,02/08/2022,598
Morgan O. Watkins,02/02/2022,482
Willow B. Doyle,02/09/2022,140
Keith L. West,02/04/2022,230
Quin B. Mack,02/12/2022,357
Candice J. Fields,02/19/2022,523
Nathaniel M. Cummings,02/25/2022,763
Karina I. Clarke,02/23/2022,653
Warren Q. Gallegos,02/14/2022,413
Dean V. Ramsey,02/10/2022,943
Gil I. Rojas,02/01/2022,361
Cole K. Schroeder,02/14/2022,607
Ivan E. Garrison,02/01/2022,478
Karen Y. Kaufman,02/22/2022,907
Keith S. Walton,02/14/2022,701
Meghan F. Douglas,02/20/2022,207
Dieter K. Lott,02/24/2022,314
Ella K. Baldwin,02/21/2022,293
Richard A. Dillon,02/05/2022,275
Lawrence K. Dickson,02/05/2022,855
